id,name,class
Akhil_1,Akhil,0
Akhil_10,Akhil,0
Akhil_100,Akhil,0
Akhil_101,Akhil,0
Akhil_102,Akhil,0
Akhil_103,Akhil,0
Akhil_104,Akhil,0
Akhil_105,Akhil,0
Akhil_106,Akhil,0
Akhil_107,Akhil,0
Akhil_108,Akhil,0
Akhil_109,Akhil,0
Akhil_11,Akhil,0
Akhil_110,Akhil,0
Akhil_111,Akhil,0
Akhil_112,Akhil,0
Akhil_113,Akhil,0
Akhil_114,Akhil,0
Akhil_115,Akhil,0
Akhil_116,Akhil,0
Akhil_117,Akhil,0
Akhil_118,Akhil,0
Akhil_119,Akhil,0
Akhil_12,Akhil,0
Akhil_120,Akhil,0
Akhil_121,Akhil,0
Akhil_122,Akhil,0
Akhil_123,Akhil,0
Akhil_124,Akhil,0
Akhil_125,Akhil,0
Akhil_126,Akhil,0
Akhil_127,Akhil,0
Akhil_128,Akhil,0
Akhil_129,Akhil,0
Akhil_13,Akhil,0
Akhil_130,Akhil,0
Akhil_131,Akhil,0
Akhil_132,Akhil,0
Akhil_133,Akhil,0
Akhil_134,Akhil,0
Akhil_135,Akhil,0
Akhil_136,Akhil,0
Akhil_137,Akhil,0
Akhil_138,Akhil,0
Akhil_139,Akhil,0
Akhil_14,Akhil,0
Akhil_140,Akhil,0
Akhil_141,Akhil,0
Akhil_142,Akhil,0
Akhil_143,Akhil,0
Akhil_144,Akhil,0
Akhil_145,Akhil,0
Akhil_146,Akhil,0
Akhil_147,Akhil,0
Akhil_148,Akhil,0
Akhil_149,Akhil,0
Akhil_15,Akhil,0
Akhil_150,Akhil,0
Akhil_151,Akhil,0
Akhil_152,Akhil,0
Akhil_153,Akhil,0
Akhil_154,Akhil,0
Akhil_155,Akhil,0
Akhil_156,Akhil,0
Akhil_157,Akhil,0
Akhil_158,Akhil,0
Akhil_159,Akhil,0
Akhil_16,Akhil,0
Akhil_160,Akhil,0
Akhil_161,Akhil,0
Akhil_162,Akhil,0
Akhil_163,Akhil,0
Akhil_164,Akhil,0
Akhil_165,Akhil,0
Akhil_166,Akhil,0
Akhil_167,Akhil,0
Akhil_168,Akhil,0
Akhil_169,Akhil,0
Akhil_17,Akhil,0
Akhil_170,Akhil,0
Akhil_171,Akhil,0
Akhil_172,Akhil,0
Akhil_173,Akhil,0
Akhil_174,Akhil,0
Akhil_175,Akhil,0
Akhil_176,Akhil,0
Akhil_177,Akhil,0
Akhil_178,Akhil,0
Akhil_179,Akhil,0
Akhil_18,Akhil,0
Akhil_180,Akhil,0
Akhil_181,Akhil,0
Akhil_182,Akhil,0
Akhil_183,Akhil,0
Akhil_184,Akhil,0
Akhil_185,Akhil,0
Akhil_186,Akhil,0
Akhil_187,Akhil,0
Akhil_188,Akhil,0
Akhil_189,Akhil,0
Akhil_19,Akhil,0
Akhil_190,Akhil,0
Akhil_2,Akhil,0
Akhil_20,Akhil,0
Akhil_21,Akhil,0
Akhil_22,Akhil,0
Akhil_23,Akhil,0
Akhil_24,Akhil,0
Akhil_25,Akhil,0
Akhil_26,Akhil,0
Akhil_27,Akhil,0
Akhil_28,Akhil,0
Akhil_29,Akhil,0
Akhil_3,Akhil,0
Akhil_30,Akhil,0
Akhil_31,Akhil,0
Akhil_32,Akhil,0
Akhil_33,Akhil,0
Akhil_34,Akhil,0
Akhil_35,Akhil,0
Akhil_36,Akhil,0
Akhil_37,Akhil,0
Akhil_38,Akhil,0
Akhil_39,Akhil,0
Akhil_4,Akhil,0
Akhil_40,Akhil,0
Akhil_41,Akhil,0
Akhil_42,Akhil,0
Akhil_43,Akhil,0
Akhil_44,Akhil,0
Akhil_45,Akhil,0
Akhil_46,Akhil,0
Akhil_47,Akhil,0
Akhil_48,Akhil,0
Akhil_49,Akhil,0
Akhil_5,Akhil,0
Akhil_50,Akhil,0
Akhil_51,Akhil,0
Akhil_52,Akhil,0
Akhil_53,Akhil,0
Akhil_54,Akhil,0
Akhil_55,Akhil,0
Akhil_56,Akhil,0
Akhil_57,Akhil,0
Akhil_58,Akhil,0
Akhil_59,Akhil,0
Akhil_6,Akhil,0
Akhil_60,Akhil,0
Akhil_61,Akhil,0
Akhil_62,Akhil,0
Akhil_63,Akhil,0
Akhil_64,Akhil,0
Akhil_65,Akhil,0
Akhil_66,Akhil,0
Akhil_67,Akhil,0
Akhil_68,Akhil,0
Akhil_69,Akhil,0
Akhil_7,Akhil,0
Akhil_70,Akhil,0
Akhil_71,Akhil,0
Akhil_72,Akhil,0
Akhil_73,Akhil,0
Akhil_74,Akhil,0
Akhil_75,Akhil,0
Akhil_76,Akhil,0
Akhil_77,Akhil,0
Akhil_78,Akhil,0
Akhil_79,Akhil,0
Akhil_8,Akhil,0
Akhil_80,Akhil,0
Akhil_81,Akhil,0
Akhil_82,Akhil,0
Akhil_83,Akhil,0
Akhil_84,Akhil,0
Akhil_85,Akhil,0
Akhil_86,Akhil,0
Akhil_87,Akhil,0
Akhil_88,Akhil,0
Akhil_89,Akhil,0
Akhil_9,Akhil,0
Akhil_90,Akhil,0
Akhil_91,Akhil,0
Akhil_92,Akhil,0
Akhil_93,Akhil,0
Akhil_94,Akhil,0
Akhil_95,Akhil,0
Akhil_96,Akhil,0
Akhil_97,Akhil,0
Akhil_98,Akhil,0
Akhil_99,Akhil,0
Ceepon_1,Ceepon,1
Ceepon_10,Ceepon,1
Ceepon_100,Ceepon,1
Ceepon_101,Ceepon,1
Ceepon_102,Ceepon,1
Ceepon_103,Ceepon,1
Ceepon_104,Ceepon,1
Ceepon_105,Ceepon,1
Ceepon_106,Ceepon,1
Ceepon_107,Ceepon,1
Ceepon_108,Ceepon,1
Ceepon_109,Ceepon,1
Ceepon_11,Ceepon,1
Ceepon_110,Ceepon,1
Ceepon_111,Ceepon,1
Ceepon_112,Ceepon,1
Ceepon_113,Ceepon,1
Ceepon_114,Ceepon,1
Ceepon_115,Ceepon,1
Ceepon_116,Ceepon,1
Ceepon_117,Ceepon,1
Ceepon_118,Ceepon,1
Ceepon_119,Ceepon,1
Ceepon_12,Ceepon,1
Ceepon_120,Ceepon,1
Ceepon_121,Ceepon,1
Ceepon_122,Ceepon,1
Ceepon_123,Ceepon,1
Ceepon_124,Ceepon,1
Ceepon_125,Ceepon,1
Ceepon_126,Ceepon,1
Ceepon_127,Ceepon,1
Ceepon_128,Ceepon,1
Ceepon_129,Ceepon,1
Ceepon_13,Ceepon,1
Ceepon_130,Ceepon,1
Ceepon_131,Ceepon,1
Ceepon_132,Ceepon,1
Ceepon_133,Ceepon,1
Ceepon_134,Ceepon,1
Ceepon_135,Ceepon,1
Ceepon_136,Ceepon,1
Ceepon_137,Ceepon,1
Ceepon_138,Ceepon,1
Ceepon_139,Ceepon,1
Ceepon_14,Ceepon,1
Ceepon_140,Ceepon,1
Ceepon_141,Ceepon,1
Ceepon_142,Ceepon,1
Ceepon_143,Ceepon,1
Ceepon_144,Ceepon,1
Ceepon_145,Ceepon,1
Ceepon_146,Ceepon,1
Ceepon_147,Ceepon,1
Ceepon_148,Ceepon,1
Ceepon_149,Ceepon,1
Ceepon_15,Ceepon,1
Ceepon_150,Ceepon,1
Ceepon_151,Ceepon,1
Ceepon_152,Ceepon,1
Ceepon_153,Ceepon,1
Ceepon_154,Ceepon,1
Ceepon_155,Ceepon,1
Ceepon_156,Ceepon,1
Ceepon_157,Ceepon,1
Ceepon_158,Ceepon,1
Ceepon_159,Ceepon,1
Ceepon_16,Ceepon,1
Ceepon_160,Ceepon,1
Ceepon_161,Ceepon,1
Ceepon_162,Ceepon,1
Ceepon_163,Ceepon,1
Ceepon_164,Ceepon,1
Ceepon_165,Ceepon,1
Ceepon_166,Ceepon,1
Ceepon_167,Ceepon,1
Ceepon_168,Ceepon,1
Ceepon_169,Ceepon,1
Ceepon_17,Ceepon,1
Ceepon_170,Ceepon,1
Ceepon_171,Ceepon,1
Ceepon_172,Ceepon,1
Ceepon_173,Ceepon,1
Ceepon_174,Ceepon,1
Ceepon_175,Ceepon,1
Ceepon_176,Ceepon,1
Ceepon_177,Ceepon,1
Ceepon_178,Ceepon,1
Ceepon_179,Ceepon,1
Ceepon_18,Ceepon,1
Ceepon_180,Ceepon,1
Ceepon_181,Ceepon,1
Ceepon_182,Ceepon,1
Ceepon_183,Ceepon,1
Ceepon_184,Ceepon,1
Ceepon_185,Ceepon,1
Ceepon_186,Ceepon,1
Ceepon_187,Ceepon,1
Ceepon_188,Ceepon,1
Ceepon_189,Ceepon,1
Ceepon_19,Ceepon,1
Ceepon_190,Ceepon,1
Ceepon_191,Ceepon,1
Ceepon_192,Ceepon,1
Ceepon_193,Ceepon,1
Ceepon_194,Ceepon,1
Ceepon_195,Ceepon,1
Ceepon_196,Ceepon,1
Ceepon_197,Ceepon,1
Ceepon_198,Ceepon,1
Ceepon_199,Ceepon,1
Ceepon_2,Ceepon,1
Ceepon_20,Ceepon,1
Ceepon_200,Ceepon,1
Ceepon_201,Ceepon,1
Ceepon_202,Ceepon,1
Ceepon_203,Ceepon,1
Ceepon_204,Ceepon,1
Ceepon_205,Ceepon,1
Ceepon_206,Ceepon,1
Ceepon_207,Ceepon,1
Ceepon_208,Ceepon,1
Ceepon_209,Ceepon,1
Ceepon_21,Ceepon,1
Ceepon_210,Ceepon,1
Ceepon_211,Ceepon,1
Ceepon_212,Ceepon,1
Ceepon_213,Ceepon,1
Ceepon_214,Ceepon,1
Ceepon_215,Ceepon,1
Ceepon_216,Ceepon,1
Ceepon_217,Ceepon,1
Ceepon_218,Ceepon,1
Ceepon_219,Ceepon,1
Ceepon_22,Ceepon,1
Ceepon_220,Ceepon,1
Ceepon_221,Ceepon,1
Ceepon_222,Ceepon,1
Ceepon_223,Ceepon,1
Ceepon_224,Ceepon,1
Ceepon_225,Ceepon,1
Ceepon_226,Ceepon,1
Ceepon_227,Ceepon,1
Ceepon_228,Ceepon,1
Ceepon_229,Ceepon,1
Ceepon_23,Ceepon,1
Ceepon_230,Ceepon,1
Ceepon_231,Ceepon,1
Ceepon_232,Ceepon,1
Ceepon_233,Ceepon,1
Ceepon_234,Ceepon,1
Ceepon_235,Ceepon,1
Ceepon_236,Ceepon,1
Ceepon_237,Ceepon,1
Ceepon_238,Ceepon,1
Ceepon_239,Ceepon,1
Ceepon_24,Ceepon,1
Ceepon_240,Ceepon,1
Ceepon_241,Ceepon,1
Ceepon_242,Ceepon,1
Ceepon_243,Ceepon,1
Ceepon_244,Ceepon,1
Ceepon_245,Ceepon,1
Ceepon_246,Ceepon,1
Ceepon_25,Ceepon,1
Ceepon_26,Ceepon,1
Ceepon_27,Ceepon,1
Ceepon_28,Ceepon,1
Ceepon_29,Ceepon,1
Ceepon_3,Ceepon,1
Ceepon_30,Ceepon,1
Ceepon_31,Ceepon,1
Ceepon_32,Ceepon,1
Ceepon_33,Ceepon,1
Ceepon_34,Ceepon,1
Ceepon_35,Ceepon,1
Ceepon_36,Ceepon,1
Ceepon_37,Ceepon,1
Ceepon_38,Ceepon,1
Ceepon_39,Ceepon,1
Ceepon_4,Ceepon,1
Ceepon_40,Ceepon,1
Ceepon_41,Ceepon,1
Ceepon_42,Ceepon,1
Ceepon_43,Ceepon,1
Ceepon_44,Ceepon,1
Ceepon_45,Ceepon,1
Ceepon_46,Ceepon,1
Ceepon_47,Ceepon,1
Ceepon_48,Ceepon,1
Ceepon_49,Ceepon,1
Ceepon_5,Ceepon,1
Ceepon_50,Ceepon,1
Ceepon_51,Ceepon,1
Ceepon_52,Ceepon,1
Ceepon_53,Ceepon,1
Ceepon_54,Ceepon,1
Ceepon_55,Ceepon,1
Ceepon_56,Ceepon,1
Ceepon_57,Ceepon,1
Ceepon_58,Ceepon,1
Ceepon_59,Ceepon,1
Ceepon_6,Ceepon,1
Ceepon_60,Ceepon,1
Ceepon_61,Ceepon,1
Ceepon_62,Ceepon,1
Ceepon_63,Ceepon,1
Ceepon_64,Ceepon,1
Ceepon_65,Ceepon,1
Ceepon_66,Ceepon,1
Ceepon_67,Ceepon,1
Ceepon_68,Ceepon,1
Ceepon_69,Ceepon,1
Ceepon_7,Ceepon,1
Ceepon_70,Ceepon,1
Ceepon_71,Ceepon,1
Ceepon_72,Ceepon,1
Ceepon_73,Ceepon,1
Ceepon_74,Ceepon,1
Ceepon_75,Ceepon,1
Ceepon_76,Ceepon,1
Ceepon_77,Ceepon,1
Ceepon_78,Ceepon,1
Ceepon_79,Ceepon,1
Ceepon_8,Ceepon,1
Ceepon_80,Ceepon,1
Ceepon_81,Ceepon,1
Ceepon_82,Ceepon,1
Ceepon_83,Ceepon,1
Ceepon_84,Ceepon,1
Ceepon_85,Ceepon,1
Ceepon_86,Ceepon,1
Ceepon_87,Ceepon,1
Ceepon_88,Ceepon,1
Ceepon_89,Ceepon,1
Ceepon_9,Ceepon,1
Ceepon_90,Ceepon,1
Ceepon_91,Ceepon,1
Ceepon_92,Ceepon,1
Ceepon_93,Ceepon,1
Ceepon_94,Ceepon,1
Ceepon_95,Ceepon,1
Ceepon_96,Ceepon,1
Ceepon_97,Ceepon,1
Ceepon_98,Ceepon,1
Ceepon_99,Ceepon,1
Gurpreet_1,Gurpreet,2
Gurpreet_10,Gurpreet,2
Gurpreet_11,Gurpreet,2
Gurpreet_12,Gurpreet,2
Gurpreet_13,Gurpreet,2
Gurpreet_14,Gurpreet,2
Gurpreet_15,Gurpreet,2
Gurpreet_16,Gurpreet,2
Gurpreet_17,Gurpreet,2
Gurpreet_18,Gurpreet,2
Gurpreet_19,Gurpreet,2
Gurpreet_2,Gurpreet,2
Gurpreet_20,Gurpreet,2
Gurpreet_21,Gurpreet,2
Gurpreet_22,Gurpreet,2
Gurpreet_23,Gurpreet,2
Gurpreet_24,Gurpreet,2
Gurpreet_25,Gurpreet,2
Gurpreet_26,Gurpreet,2
Gurpreet_27,Gurpreet,2
Gurpreet_28,Gurpreet,2
Gurpreet_29,Gurpreet,2
Gurpreet_3,Gurpreet,2
Gurpreet_30,Gurpreet,2
Gurpreet_31,Gurpreet,2
Gurpreet_32,Gurpreet,2
Gurpreet_33,Gurpreet,2
Gurpreet_34,Gurpreet,2
Gurpreet_35,Gurpreet,2
Gurpreet_36,Gurpreet,2
Gurpreet_37,Gurpreet,2
Gurpreet_38,Gurpreet,2
Gurpreet_39,Gurpreet,2
Gurpreet_4,Gurpreet,2
Gurpreet_40,Gurpreet,2
Gurpreet_41,Gurpreet,2
Gurpreet_42,Gurpreet,2
Gurpreet_43,Gurpreet,2
Gurpreet_44,Gurpreet,2
Gurpreet_45,Gurpreet,2
Gurpreet_5,Gurpreet,2
Gurpreet_6,Gurpreet,2
Gurpreet_7,Gurpreet,2
Gurpreet_8,Gurpreet,2
Gurpreet_9,Gurpreet,2
Murali_1,Murali,3
Murali_10,Murali,3
Murali_100,Murali,3
Murali_101,Murali,3
Murali_102,Murali,3
Murali_103,Murali,3
Murali_104,Murali,3
Murali_105,Murali,3
Murali_106,Murali,3
Murali_107,Murali,3
Murali_108,Murali,3
Murali_109,Murali,3
Murali_11,Murali,3
Murali_110,Murali,3
Murali_111,Murali,3
Murali_112,Murali,3
Murali_113,Murali,3
Murali_114,Murali,3
Murali_115,Murali,3
Murali_116,Murali,3
Murali_117,Murali,3
Murali_118,Murali,3
Murali_119,Murali,3
Murali_12,Murali,3
Murali_120,Murali,3
Murali_121,Murali,3
Murali_122,Murali,3
Murali_123,Murali,3
Murali_124,Murali,3
Murali_125,Murali,3
Murali_126,Murali,3
Murali_127,Murali,3
Murali_128,Murali,3
Murali_129,Murali,3
Murali_13,Murali,3
Murali_130,Murali,3
Murali_131,Murali,3
Murali_132,Murali,3
Murali_133,Murali,3
Murali_134,Murali,3
Murali_135,Murali,3
Murali_136,Murali,3
Murali_137,Murali,3
Murali_138,Murali,3
Murali_139,Murali,3
Murali_14,Murali,3
Murali_140,Murali,3
Murali_141,Murali,3
Murali_142,Murali,3
Murali_143,Murali,3
Murali_144,Murali,3
Murali_145,Murali,3
Murali_146,Murali,3
Murali_147,Murali,3
Murali_148,Murali,3
Murali_149,Murali,3
Murali_15,Murali,3
Murali_150,Murali,3
Murali_151,Murali,3
Murali_152,Murali,3
Murali_153,Murali,3
Murali_154,Murali,3
Murali_155,Murali,3
Murali_156,Murali,3
Murali_157,Murali,3
Murali_158,Murali,3
Murali_159,Murali,3
Murali_16,Murali,3
Murali_160,Murali,3
Murali_161,Murali,3
Murali_162,Murali,3
Murali_163,Murali,3
Murali_164,Murali,3
Murali_165,Murali,3
Murali_166,Murali,3
Murali_167,Murali,3
Murali_168,Murali,3
Murali_169,Murali,3
Murali_17,Murali,3
Murali_170,Murali,3
Murali_171,Murali,3
Murali_172,Murali,3
Murali_173,Murali,3
Murali_174,Murali,3
Murali_175,Murali,3
Murali_176,Murali,3
Murali_177,Murali,3
Murali_178,Murali,3
Murali_179,Murali,3
Murali_18,Murali,3
Murali_180,Murali,3
Murali_181,Murali,3
Murali_182,Murali,3
Murali_183,Murali,3
Murali_184,Murali,3
Murali_185,Murali,3
Murali_186,Murali,3
Murali_187,Murali,3
Murali_188,Murali,3
Murali_189,Murali,3
Murali_19,Murali,3
Murali_190,Murali,3
Murali_191,Murali,3
Murali_192,Murali,3
Murali_193,Murali,3
Murali_194,Murali,3
Murali_195,Murali,3
Murali_196,Murali,3
Murali_197,Murali,3
Murali_198,Murali,3
Murali_199,Murali,3
Murali_2,Murali,3
Murali_20,Murali,3
Murali_200,Murali,3
Murali_201,Murali,3
Murali_202,Murali,3
Murali_203,Murali,3
Murali_204,Murali,3
Murali_205,Murali,3
Murali_206,Murali,3
Murali_207,Murali,3
Murali_208,Murali,3
Murali_209,Murali,3
Murali_21,Murali,3
Murali_210,Murali,3
Murali_211,Murali,3
Murali_212,Murali,3
Murali_213,Murali,3
Murali_214,Murali,3
Murali_215,Murali,3
Murali_216,Murali,3
Murali_217,Murali,3
Murali_218,Murali,3
Murali_219,Murali,3
Murali_22,Murali,3
Murali_220,Murali,3
Murali_221,Murali,3
Murali_222,Murali,3
Murali_223,Murali,3
Murali_224,Murali,3
Murali_225,Murali,3
Murali_226,Murali,3
Murali_227,Murali,3
Murali_228,Murali,3
Murali_229,Murali,3
Murali_23,Murali,3
Murali_230,Murali,3
Murali_231,Murali,3
Murali_232,Murali,3
Murali_233,Murali,3
Murali_234,Murali,3
Murali_235,Murali,3
Murali_236,Murali,3
Murali_237,Murali,3
Murali_238,Murali,3
Murali_239,Murali,3
Murali_24,Murali,3
Murali_240,Murali,3
Murali_241,Murali,3
Murali_242,Murali,3
Murali_243,Murali,3
Murali_244,Murali,3
Murali_245,Murali,3
Murali_246,Murali,3
Murali_247,Murali,3
Murali_248,Murali,3
Murali_249,Murali,3
Murali_25,Murali,3
Murali_250,Murali,3
Murali_251,Murali,3
Murali_252,Murali,3
Murali_253,Murali,3
Murali_254,Murali,3
Murali_255,Murali,3
Murali_256,Murali,3
Murali_257,Murali,3
Murali_258,Murali,3
Murali_259,Murali,3
Murali_26,Murali,3
Murali_260,Murali,3
Murali_261,Murali,3
Murali_262,Murali,3
Murali_263,Murali,3
Murali_264,Murali,3
Murali_265,Murali,3
Murali_266,Murali,3
Murali_267,Murali,3
Murali_268,Murali,3
Murali_269,Murali,3
Murali_27,Murali,3
Murali_270,Murali,3
Murali_271,Murali,3
Murali_272,Murali,3
Murali_273,Murali,3
Murali_274,Murali,3
Murali_275,Murali,3
Murali_276,Murali,3
Murali_277,Murali,3
Murali_278,Murali,3
Murali_279,Murali,3
Murali_28,Murali,3
Murali_280,Murali,3
Murali_281,Murali,3
Murali_282,Murali,3
Murali_283,Murali,3
Murali_284,Murali,3
Murali_285,Murali,3
Murali_286,Murali,3
Murali_287,Murali,3
Murali_288,Murali,3
Murali_289,Murali,3
Murali_29,Murali,3
Murali_290,Murali,3
Murali_291,Murali,3
Murali_292,Murali,3
Murali_293,Murali,3
Murali_294,Murali,3
Murali_295,Murali,3
Murali_296,Murali,3
Murali_297,Murali,3
Murali_298,Murali,3
Murali_299,Murali,3
Murali_3,Murali,3
Murali_30,Murali,3
Murali_300,Murali,3
Murali_31,Murali,3
Murali_32,Murali,3
Murali_33,Murali,3
Murali_34,Murali,3
Murali_35,Murali,3
Murali_36,Murali,3
Murali_37,Murali,3
Murali_38,Murali,3
Murali_39,Murali,3
Murali_4,Murali,3
Murali_40,Murali,3
Murali_41,Murali,3
Murali_42,Murali,3
Murali_43,Murali,3
Murali_44,Murali,3
Murali_45,Murali,3
Murali_46,Murali,3
Murali_47,Murali,3
Murali_48,Murali,3
Murali_49,Murali,3
Murali_5,Murali,3
Murali_50,Murali,3
Murali_51,Murali,3
Murali_52,Murali,3
Murali_53,Murali,3
Murali_54,Murali,3
Murali_55,Murali,3
Murali_56,Murali,3
Murali_57,Murali,3
Murali_58,Murali,3
Murali_59,Murali,3
Murali_6,Murali,3
Murali_60,Murali,3
Murali_61,Murali,3
Murali_62,Murali,3
Murali_63,Murali,3
Murali_64,Murali,3
Murali_65,Murali,3
Murali_66,Murali,3
Murali_67,Murali,3
Murali_68,Murali,3
Murali_69,Murali,3
Murali_7,Murali,3
Murali_70,Murali,3
Murali_71,Murali,3
Murali_72,Murali,3
Murali_73,Murali,3
Murali_74,Murali,3
Murali_75,Murali,3
Murali_76,Murali,3
Murali_77,Murali,3
Murali_78,Murali,3
Murali_79,Murali,3
Murali_8,Murali,3
Murali_80,Murali,3
Murali_81,Murali,3
Murali_82,Murali,3
Murali_83,Murali,3
Murali_84,Murali,3
Murali_85,Murali,3
Murali_86,Murali,3
Murali_87,Murali,3
Murali_88,Murali,3
Murali_89,Murali,3
Murali_9,Murali,3
Murali_90,Murali,3
Murali_91,Murali,3
Murali_92,Murali,3
Murali_93,Murali,3
Murali_94,Murali,3
Murali_95,Murali,3
Murali_96,Murali,3
Murali_97,Murali,3
Murali_98,Murali,3
Murali_99,Murali,3
Nikhil_1,Nikhil,4
Nikhil_10,Nikhil,4
Nikhil_100,Nikhil,4
Nikhil_101,Nikhil,4
Nikhil_102,Nikhil,4
Nikhil_103,Nikhil,4
Nikhil_104,Nikhil,4
Nikhil_105,Nikhil,4
Nikhil_106,Nikhil,4
Nikhil_107,Nikhil,4
Nikhil_108,Nikhil,4
Nikhil_109,Nikhil,4
Nikhil_11,Nikhil,4
Nikhil_110,Nikhil,4
Nikhil_111,Nikhil,4
Nikhil_112,Nikhil,4
Nikhil_113,Nikhil,4
Nikhil_114,Nikhil,4
Nikhil_115,Nikhil,4
Nikhil_116,Nikhil,4
Nikhil_117,Nikhil,4
Nikhil_118,Nikhil,4
Nikhil_119,Nikhil,4
Nikhil_12,Nikhil,4
Nikhil_120,Nikhil,4
Nikhil_121,Nikhil,4
Nikhil_122,Nikhil,4
Nikhil_123,Nikhil,4
Nikhil_124,Nikhil,4
Nikhil_125,Nikhil,4
Nikhil_126,Nikhil,4
Nikhil_127,Nikhil,4
Nikhil_128,Nikhil,4
Nikhil_129,Nikhil,4
Nikhil_13,Nikhil,4
Nikhil_130,Nikhil,4
Nikhil_131,Nikhil,4
Nikhil_132,Nikhil,4
Nikhil_133,Nikhil,4
Nikhil_134,Nikhil,4
Nikhil_135,Nikhil,4
Nikhil_136,Nikhil,4
Nikhil_137,Nikhil,4
Nikhil_138,Nikhil,4
Nikhil_139,Nikhil,4
Nikhil_14,Nikhil,4
Nikhil_140,Nikhil,4
Nikhil_141,Nikhil,4
Nikhil_142,Nikhil,4
Nikhil_143,Nikhil,4
Nikhil_144,Nikhil,4
Nikhil_145,Nikhil,4
Nikhil_146,Nikhil,4
Nikhil_147,Nikhil,4
Nikhil_148,Nikhil,4
Nikhil_149,Nikhil,4
Nikhil_15,Nikhil,4
Nikhil_150,Nikhil,4
Nikhil_151,Nikhil,4
Nikhil_152,Nikhil,4
Nikhil_153,Nikhil,4
Nikhil_154,Nikhil,4
Nikhil_155,Nikhil,4
Nikhil_156,Nikhil,4
Nikhil_157,Nikhil,4
Nikhil_158,Nikhil,4
Nikhil_159,Nikhil,4
Nikhil_16,Nikhil,4
Nikhil_160,Nikhil,4
Nikhil_161,Nikhil,4
Nikhil_162,Nikhil,4
Nikhil_163,Nikhil,4
Nikhil_164,Nikhil,4
Nikhil_165,Nikhil,4
Nikhil_166,Nikhil,4
Nikhil_167,Nikhil,4
Nikhil_168,Nikhil,4
Nikhil_169,Nikhil,4
Nikhil_17,Nikhil,4
Nikhil_170,Nikhil,4
Nikhil_171,Nikhil,4
Nikhil_172,Nikhil,4
Nikhil_173,Nikhil,4
Nikhil_174,Nikhil,4
Nikhil_175,Nikhil,4
Nikhil_176,Nikhil,4
Nikhil_177,Nikhil,4
Nikhil_178,Nikhil,4
Nikhil_179,Nikhil,4
Nikhil_18,Nikhil,4
Nikhil_180,Nikhil,4
Nikhil_181,Nikhil,4
Nikhil_182,Nikhil,4
Nikhil_183,Nikhil,4
Nikhil_184,Nikhil,4
Nikhil_185,Nikhil,4
Nikhil_186,Nikhil,4
Nikhil_187,Nikhil,4
Nikhil_188,Nikhil,4
Nikhil_189,Nikhil,4
Nikhil_19,Nikhil,4
Nikhil_190,Nikhil,4
Nikhil_191,Nikhil,4
Nikhil_192,Nikhil,4
Nikhil_193,Nikhil,4
Nikhil_194,Nikhil,4
Nikhil_195,Nikhil,4
Nikhil_2,Nikhil,4
Nikhil_20,Nikhil,4
Nikhil_21,Nikhil,4
Nikhil_22,Nikhil,4
Nikhil_23,Nikhil,4
Nikhil_24,Nikhil,4
Nikhil_25,Nikhil,4
Nikhil_26,Nikhil,4
Nikhil_27,Nikhil,4
Nikhil_28,Nikhil,4
Nikhil_29,Nikhil,4
Nikhil_3,Nikhil,4
Nikhil_30,Nikhil,4
Nikhil_31,Nikhil,4
Nikhil_32,Nikhil,4
Nikhil_33,Nikhil,4
Nikhil_34,Nikhil,4
Nikhil_35,Nikhil,4
Nikhil_36,Nikhil,4
Nikhil_37,Nikhil,4
Nikhil_38,Nikhil,4
Nikhil_39,Nikhil,4
Nikhil_4,Nikhil,4
Nikhil_40,Nikhil,4
Nikhil_41,Nikhil,4
Nikhil_42,Nikhil,4
Nikhil_43,Nikhil,4
Nikhil_44,Nikhil,4
Nikhil_45,Nikhil,4
Nikhil_46,Nikhil,4
Nikhil_47,Nikhil,4
Nikhil_48,Nikhil,4
Nikhil_49,Nikhil,4
Nikhil_5,Nikhil,4
Nikhil_50,Nikhil,4
Nikhil_51,Nikhil,4
Nikhil_52,Nikhil,4
Nikhil_53,Nikhil,4
Nikhil_54,Nikhil,4
Nikhil_55,Nikhil,4
Nikhil_56,Nikhil,4
Nikhil_57,Nikhil,4
Nikhil_58,Nikhil,4
Nikhil_59,Nikhil,4
Nikhil_6,Nikhil,4
Nikhil_60,Nikhil,4
Nikhil_61,Nikhil,4
Nikhil_62,Nikhil,4
Nikhil_63,Nikhil,4
Nikhil_64,Nikhil,4
Nikhil_65,Nikhil,4
Nikhil_66,Nikhil,4
Nikhil_67,Nikhil,4
Nikhil_68,Nikhil,4
Nikhil_69,Nikhil,4
Nikhil_7,Nikhil,4
Nikhil_70,Nikhil,4
Nikhil_71,Nikhil,4
Nikhil_72,Nikhil,4
Nikhil_73,Nikhil,4
Nikhil_74,Nikhil,4
Nikhil_75,Nikhil,4
Nikhil_76,Nikhil,4
Nikhil_77,Nikhil,4
Nikhil_78,Nikhil,4
Nikhil_79,Nikhil,4
Nikhil_8,Nikhil,4
Nikhil_80,Nikhil,4
Nikhil_81,Nikhil,4
Nikhil_82,Nikhil,4
Nikhil_83,Nikhil,4
Nikhil_84,Nikhil,4
Nikhil_85,Nikhil,4
Nikhil_86,Nikhil,4
Nikhil_87,Nikhil,4
Nikhil_88,Nikhil,4
Nikhil_89,Nikhil,4
Nikhil_9,Nikhil,4
Nikhil_90,Nikhil,4
Nikhil_91,Nikhil,4
Nikhil_92,Nikhil,4
Nikhil_93,Nikhil,4
Nikhil_94,Nikhil,4
Nikhil_95,Nikhil,4
Nikhil_96,Nikhil,4
Nikhil_97,Nikhil,4
Nikhil_98,Nikhil,4
Nikhil_99,Nikhil,4
Subhani_1,Subhani,5
Subhani_10,Subhani,5
Subhani_100,Subhani,5
Subhani_101,Subhani,5
Subhani_102,Subhani,5
Subhani_103,Subhani,5
Subhani_104,Subhani,5
Subhani_105,Subhani,5
Subhani_106,Subhani,5
Subhani_107,Subhani,5
Subhani_108,Subhani,5
Subhani_109,Subhani,5
Subhani_11,Subhani,5
Subhani_110,Subhani,5
Subhani_111,Subhani,5
Subhani_112,Subhani,5
Subhani_113,Subhani,5
Subhani_114,Subhani,5
Subhani_115,Subhani,5
Subhani_116,Subhani,5
Subhani_117,Subhani,5
Subhani_118,Subhani,5
Subhani_119,Subhani,5
Subhani_12,Subhani,5
Subhani_120,Subhani,5
Subhani_121,Subhani,5
Subhani_122,Subhani,5
Subhani_123,Subhani,5
Subhani_124,Subhani,5
Subhani_125,Subhani,5
Subhani_126,Subhani,5
Subhani_127,Subhani,5
Subhani_128,Subhani,5
Subhani_129,Subhani,5
Subhani_13,Subhani,5
Subhani_130,Subhani,5
Subhani_131,Subhani,5
Subhani_132,Subhani,5
Subhani_133,Subhani,5
Subhani_134,Subhani,5
Subhani_135,Subhani,5
Subhani_136,Subhani,5
Subhani_137,Subhani,5
Subhani_138,Subhani,5
Subhani_139,Subhani,5
Subhani_14,Subhani,5
Subhani_140,Subhani,5
Subhani_141,Subhani,5
Subhani_142,Subhani,5
Subhani_143,Subhani,5
Subhani_144,Subhani,5
Subhani_145,Subhani,5
Subhani_146,Subhani,5
Subhani_147,Subhani,5
Subhani_148,Subhani,5
Subhani_149,Subhani,5
Subhani_15,Subhani,5
Subhani_150,Subhani,5
Subhani_151,Subhani,5
Subhani_152,Subhani,5
Subhani_153,Subhani,5
Subhani_154,Subhani,5
Subhani_155,Subhani,5
Subhani_156,Subhani,5
Subhani_157,Subhani,5
Subhani_158,Subhani,5
Subhani_159,Subhani,5
Subhani_16,Subhani,5
Subhani_160,Subhani,5
Subhani_161,Subhani,5
Subhani_162,Subhani,5
Subhani_163,Subhani,5
Subhani_164,Subhani,5
Subhani_165,Subhani,5
Subhani_166,Subhani,5
Subhani_167,Subhani,5
Subhani_168,Subhani,5
Subhani_169,Subhani,5
Subhani_17,Subhani,5
Subhani_170,Subhani,5
Subhani_171,Subhani,5
Subhani_172,Subhani,5
Subhani_173,Subhani,5
Subhani_174,Subhani,5
Subhani_175,Subhani,5
Subhani_176,Subhani,5
Subhani_177,Subhani,5
Subhani_178,Subhani,5
Subhani_179,Subhani,5
Subhani_18,Subhani,5
Subhani_180,Subhani,5
Subhani_181,Subhani,5
Subhani_182,Subhani,5
Subhani_183,Subhani,5
Subhani_184,Subhani,5
Subhani_185,Subhani,5
Subhani_186,Subhani,5
Subhani_187,Subhani,5
Subhani_188,Subhani,5
Subhani_189,Subhani,5
Subhani_19,Subhani,5
Subhani_190,Subhani,5
Subhani_191,Subhani,5
Subhani_192,Subhani,5
Subhani_193,Subhani,5
Subhani_194,Subhani,5
Subhani_195,Subhani,5
Subhani_196,Subhani,5
Subhani_197,Subhani,5
Subhani_198,Subhani,5
Subhani_199,Subhani,5
Subhani_2,Subhani,5
Subhani_20,Subhani,5
Subhani_200,Subhani,5
Subhani_201,Subhani,5
Subhani_202,Subhani,5
Subhani_203,Subhani,5
Subhani_204,Subhani,5
Subhani_205,Subhani,5
Subhani_206,Subhani,5
Subhani_207,Subhani,5
Subhani_208,Subhani,5
Subhani_209,Subhani,5
Subhani_21,Subhani,5
Subhani_210,Subhani,5
Subhani_211,Subhani,5
Subhani_212,Subhani,5
Subhani_213,Subhani,5
Subhani_214,Subhani,5
Subhani_215,Subhani,5
Subhani_216,Subhani,5
Subhani_217,Subhani,5
Subhani_218,Subhani,5
Subhani_219,Subhani,5
Subhani_22,Subhani,5
Subhani_220,Subhani,5
Subhani_221,Subhani,5
Subhani_222,Subhani,5
Subhani_223,Subhani,5
Subhani_224,Subhani,5
Subhani_225,Subhani,5
Subhani_226,Subhani,5
Subhani_227,Subhani,5
Subhani_228,Subhani,5
Subhani_229,Subhani,5
Subhani_23,Subhani,5
Subhani_230,Subhani,5
Subhani_231,Subhani,5
Subhani_232,Subhani,5
Subhani_233,Subhani,5
Subhani_234,Subhani,5
Subhani_235,Subhani,5
Subhani_236,Subhani,5
Subhani_237,Subhani,5
Subhani_238,Subhani,5
Subhani_239,Subhani,5
Subhani_24,Subhani,5
Subhani_240,Subhani,5
Subhani_241,Subhani,5
Subhani_242,Subhani,5
Subhani_243,Subhani,5
Subhani_244,Subhani,5
Subhani_245,Subhani,5
Subhani_246,Subhani,5
Subhani_247,Subhani,5
Subhani_248,Subhani,5
Subhani_249,Subhani,5
Subhani_25,Subhani,5
Subhani_250,Subhani,5
Subhani_251,Subhani,5
Subhani_252,Subhani,5
Subhani_253,Subhani,5
Subhani_254,Subhani,5
Subhani_255,Subhani,5
Subhani_256,Subhani,5
Subhani_257,Subhani,5
Subhani_258,Subhani,5
Subhani_259,Subhani,5
Subhani_26,Subhani,5
Subhani_260,Subhani,5
Subhani_261,Subhani,5
Subhani_262,Subhani,5
Subhani_263,Subhani,5
Subhani_265,Subhani,5
Subhani_267,Subhani,5
Subhani_269,Subhani,5
Subhani_27,Subhani,5
Subhani_270,Subhani,5
Subhani_271,Subhani,5
Subhani_272,Subhani,5
Subhani_273,Subhani,5
Subhani_274,Subhani,5
Subhani_275,Subhani,5
Subhani_276,Subhani,5
Subhani_277,Subhani,5
Subhani_278,Subhani,5
Subhani_279,Subhani,5
Subhani_28,Subhani,5
Subhani_280,Subhani,5
Subhani_281,Subhani,5
Subhani_282,Subhani,5
Subhani_283,Subhani,5
Subhani_284,Subhani,5
Subhani_285,Subhani,5
Subhani_286,Subhani,5
Subhani_287,Subhani,5
Subhani_288,Subhani,5
Subhani_289,Subhani,5
Subhani_29,Subhani,5
Subhani_290,Subhani,5
Subhani_291,Subhani,5
Subhani_292,Subhani,5
Subhani_293,Subhani,5
Subhani_294,Subhani,5
Subhani_295,Subhani,5
Subhani_296,Subhani,5
Subhani_297,Subhani,5
Subhani_298,Subhani,5
Subhani_299,Subhani,5
Subhani_3,Subhani,5
Subhani_30,Subhani,5
Subhani_300,Subhani,5
Subhani_301,Subhani,5
Subhani_302,Subhani,5
Subhani_303,Subhani,5
Subhani_304,Subhani,5
Subhani_305,Subhani,5
Subhani_306,Subhani,5
Subhani_307,Subhani,5
Subhani_308,Subhani,5
Subhani_309,Subhani,5
Subhani_31,Subhani,5
Subhani_310,Subhani,5
Subhani_311,Subhani,5
Subhani_312,Subhani,5
Subhani_313,Subhani,5
Subhani_314,Subhani,5
Subhani_315,Subhani,5
Subhani_316,Subhani,5
Subhani_317,Subhani,5
Subhani_318,Subhani,5
Subhani_319,Subhani,5
Subhani_32,Subhani,5
Subhani_320,Subhani,5
Subhani_321,Subhani,5
Subhani_322,Subhani,5
Subhani_323,Subhani,5
Subhani_324,Subhani,5
Subhani_325,Subhani,5
Subhani_326,Subhani,5
Subhani_327,Subhani,5
Subhani_328,Subhani,5
Subhani_329,Subhani,5
Subhani_33,Subhani,5
Subhani_330,Subhani,5
Subhani_331,Subhani,5
Subhani_332,Subhani,5
Subhani_333,Subhani,5
Subhani_334,Subhani,5
Subhani_335,Subhani,5
Subhani_336,Subhani,5
Subhani_337,Subhani,5
Subhani_338,Subhani,5
Subhani_339,Subhani,5
Subhani_34,Subhani,5
Subhani_340,Subhani,5
Subhani_341,Subhani,5
Subhani_342,Subhani,5
Subhani_343,Subhani,5
Subhani_344,Subhani,5
Subhani_345,Subhani,5
Subhani_346,Subhani,5
Subhani_347,Subhani,5
Subhani_348,Subhani,5
Subhani_349,Subhani,5
Subhani_35,Subhani,5
Subhani_350,Subhani,5
Subhani_351,Subhani,5
Subhani_352,Subhani,5
Subhani_353,Subhani,5
Subhani_354,Subhani,5
Subhani_355,Subhani,5
Subhani_356,Subhani,5
Subhani_357,Subhani,5
Subhani_358,Subhani,5
Subhani_359,Subhani,5
Subhani_36,Subhani,5
Subhani_360,Subhani,5
Subhani_361,Subhani,5
Subhani_362,Subhani,5
Subhani_363,Subhani,5
Subhani_364,Subhani,5
Subhani_365,Subhani,5
Subhani_366,Subhani,5
Subhani_367,Subhani,5
Subhani_368,Subhani,5
Subhani_369,Subhani,5
Subhani_37,Subhani,5
Subhani_370,Subhani,5
Subhani_371,Subhani,5
Subhani_372,Subhani,5
Subhani_373,Subhani,5
Subhani_374,Subhani,5
Subhani_38,Subhani,5
Subhani_39,Subhani,5
Subhani_4,Subhani,5
Subhani_40,Subhani,5
Subhani_41,Subhani,5
Subhani_42,Subhani,5
Subhani_43,Subhani,5
Subhani_44,Subhani,5
Subhani_45,Subhani,5
Subhani_46,Subhani,5
Subhani_47,Subhani,5
Subhani_48,Subhani,5
Subhani_49,Subhani,5
Subhani_5,Subhani,5
Subhani_50,Subhani,5
Subhani_51,Subhani,5
Subhani_52,Subhani,5
Subhani_53,Subhani,5
Subhani_54,Subhani,5
Subhani_55,Subhani,5
Subhani_56,Subhani,5
Subhani_57,Subhani,5
Subhani_58,Subhani,5
Subhani_59,Subhani,5
Subhani_6,Subhani,5
Subhani_60,Subhani,5
Subhani_61,Subhani,5
Subhani_62,Subhani,5
Subhani_63,Subhani,5
Subhani_64,Subhani,5
Subhani_65,Subhani,5
Subhani_66,Subhani,5
Subhani_67,Subhani,5
Subhani_68,Subhani,5
Subhani_69,Subhani,5
Subhani_7,Subhani,5
Subhani_70,Subhani,5
Subhani_71,Subhani,5
Subhani_72,Subhani,5
Subhani_73,Subhani,5
Subhani_74,Subhani,5
Subhani_75,Subhani,5
Subhani_76,Subhani,5
Subhani_77,Subhani,5
Subhani_78,Subhani,5
Subhani_79,Subhani,5
Subhani_8,Subhani,5
Subhani_80,Subhani,5
Subhani_81,Subhani,5
Subhani_82,Subhani,5
Subhani_83,Subhani,5
Subhani_84,Subhani,5
Subhani_85,Subhani,5
Subhani_86,Subhani,5
Subhani_87,Subhani,5
Subhani_88,Subhani,5
Subhani_89,Subhani,5
Subhani_9,Subhani,5
Subhani_90,Subhani,5
Subhani_91,Subhani,5
Subhani_92,Subhani,5
Subhani_93,Subhani,5
Subhani_94,Subhani,5
Subhani_95,Subhani,5
Subhani_96,Subhani,5
Subhani_97,Subhani,5
Subhani_98,Subhani,5
Subhani_99,Subhani,5
