{
  "project_info": {
    "project_number": "699040310653",
    "firebase_url": "https://attendanceapp-8d971.firebaseio.com",
    "project_id": "attendanceapp-8d971",
    "storage_bucket": "attendanceapp-8d971.appspot.com"
  },
  "client": [
    {
      "client_info": {
        "mobilesdk_app_id": "1:699040310653:android:a099c660a48941c7d95814",
        "android_client_info": {
          "package_name": "in.srivatsava.AttendanceApp"
        }
      },
      "oauth_client": [
        {
          "client_id": "699040310653-vako2jte0gkf6t3kmbijd7gufj3htm3s.apps.googleusercontent.com",
          "client_type": 1,
          "android_info": {
            "package_name": "in.srivatsava.AttendanceApp",
            "certificate_hash": "3462322ba50820f5035325808526e5dfaf6c8169"
          }
        },
        {
          "client_id": "699040310653-fv0f76i2sefbuslo612fp3kvqv2uqdes.apps.googleusercontent.com",
          "client_type": 3
        }
      ],
      "api_key": [
        {
          "current_key": "AIzaSyDe7oFgXenN9Ek1UEa7fm6-P4Juzy4U-jQ"
        }
      ],
      "services": {
        "appinvite_service": {
          "other_platform_oauth_client": [
            {
              "client_id": "699040310653-fv0f76i2sefbuslo612fp3kvqv2uqdes.apps.googleusercontent.com",
              "client_type": 3
            }
          ]
        }
      }
    }
  ],
  "configuration_version": "1"
}